date,daily_num_reviews,daily_avg_rating
2018-02-26,8,4.5
2018-02-27,1,4.0
2018-02-28,1,4.0
2018-03-01,1,5.0
2018-03-02,3,3.0
2018-03-03,4,4.25
2018-03-04,1,4.0
2018-03-05,7,3.43
2018-03-06,4,5.0
2018-03-08,2,4.5
2018-03-09,1,5.0
2018-03-10,1,5.0
2018-03-11,2,4.5
2018-03-14,2,3.5
2018-03-16,2,5.0
2018-03-17,2,3.5
2018-03-20,1,1.0
2018-03-21,1,4.0
2018-03-23,3,4.0
2018-03-26,1,5.0
2018-03-27,3,5.0
2018-03-28,1,5.0
2018-03-29,3,4.0
2018-03-30,2,5.0
2018-04-03,1,4.0
2018-04-04,2,3.0
2018-04-06,1,5.0
2018-04-07,1,4.0
2018-04-09,3,4.67
2018-04-10,1,5.0
2018-04-11,2,4.5
2018-04-12,1,3.0
2018-04-14,2,3.0
2018-04-16,2,5.0
2018-04-18,1,3.0
2018-04-19,2,4.5
2018-04-22,1,3.0
2018-04-23,1,5.0
2018-04-24,1,5.0
2018-04-25,1,4.0
2018-04-26,1,5.0
2018-04-27,1,5.0
2018-04-28,1,4.0
2018-04-30,1,5.0
2018-05-02,1,5.0
2018-05-04,1,4.0
2018-05-09,1,3.0
2018-05-10,2,4.5
2018-05-14,2,4.0
2018-05-15,1,5.0
2018-05-18,3,4.67
2018-05-21,1,3.0
2018-05-22,2,3.5
2018-05-25,1,5.0
2018-05-26,1,5.0
2018-05-29,1,2.0
2018-05-30,1,4.0
2018-06-01,1,5.0
2018-06-03,1,5.0
2018-06-05,2,5.0
2018-06-07,48,4.92
2018-06-08,12,3.67
2018-06-09,8,4.25
2018-06-10,6,2.67
2018-06-11,5,4.0
2018-06-12,5,4.0
2018-06-13,4,2.25
2018-06-14,4,3.0
2018-06-16,1,1.0
2018-06-17,4,5.0
2018-06-18,1,5.0
2018-06-19,3,5.0
2018-06-20,1,4.0
2018-06-22,1,3.0
2018-06-23,2,3.5
2018-06-24,1,1.0
2018-06-25,1,5.0
2018-06-26,4,3.75
2018-06-28,4,4.0
2018-06-29,1,5.0
2018-06-30,1,5.0
2018-07-01,3,4.67
2018-07-02,1,5.0
2018-07-03,2,4.5
2018-07-04,5,3.0
2018-07-05,4,4.0
2018-07-06,2,3.0
2018-07-07,4,2.5
2018-07-08,1,5.0
2018-07-09,1,4.0
2018-07-10,3,2.67
2018-07-12,2,5.0
2018-07-13,7,4.0
2018-07-14,2,5.0
2018-07-17,2,5.0
2018-07-18,2,5.0
2018-07-19,2,5.0
2018-07-20,2,5.0
2018-07-21,3,4.67
2018-07-22,1,5.0
2018-07-23,4,4.25
2018-07-24,3,5.0
2018-07-25,1,5.0
2018-07-27,3,5.0
2018-07-30,6,4.33
2018-07-31,2,5.0
2018-08-01,7,4.0
2018-08-02,4,3.75
2018-08-03,2,5.0
2018-08-04,3,5.0
2018-08-06,3,4.33
2018-08-07,3,4.33
2018-08-08,3,4.33
2018-08-09,1,2.0
2018-08-10,1,4.0
2018-08-12,3,4.0
2018-08-13,4,4.75
2018-08-14,3,4.0
2018-08-16,1,3.0
2018-08-17,1,5.0
2018-08-18,3,3.33
2018-08-19,3,4.33
2018-08-20,3,5.0
2018-08-21,2,4.5
2018-08-22,3,3.0
2018-08-23,2,4.0
2018-08-24,1,5.0
2018-08-25,2,3.0
2018-08-26,1,5.0
2018-08-27,1,5.0
2018-08-28,1,5.0
2018-08-29,3,2.67
2018-08-30,5,5.0
2018-08-31,2,5.0
2018-09-02,3,5.0
2018-09-03,3,5.0
2018-09-05,1,5.0
2018-09-06,2,2.5
2018-09-07,1,5.0
2018-09-08,4,4.5
2018-09-09,2,3.5
2018-09-10,1,5.0
2018-09-11,2,3.0
2018-09-12,6,4.67
2018-09-13,1,1.0
2018-09-14,2,4.5
2018-09-15,2,3.5
2018-09-16,4,3.5
2018-09-17,4,4.5
2018-09-18,3,4.67
2018-09-19,3,4.33
2018-09-20,3,4.33
2018-09-21,5,4.4
2018-09-22,3,2.67
2018-09-23,3,5.0
2018-09-24,2,5.0
2018-09-25,3,4.67
2018-09-26,3,4.67
2018-09-27,5,5.0
2018-09-28,1,4.0
2018-09-29,2,3.5
2018-09-30,1,5.0
2018-10-01,2,3.0
2018-10-02,5,3.8
2018-10-03,2,5.0
2018-10-05,2,4.5
2018-10-06,3,4.33
2018-10-07,3,4.0
2018-10-08,3,5.0
2018-10-09,5,4.0
2018-10-10,2,4.5
2018-10-11,4,4.75
2018-10-12,2,5.0
2018-10-14,3,4.67
2018-10-15,3,3.33
2018-10-16,2,4.0
2018-10-17,4,4.75
2018-10-18,2,5.0
2018-10-19,5,5.0
2018-10-20,2,4.5
2018-10-21,1,5.0
2018-10-22,5,5.0
2018-10-23,2,5.0
2018-10-24,1,5.0
2018-10-25,3,4.33
2018-10-26,2,4.0
2018-10-27,5,4.4
2018-10-28,4,3.5
2018-10-29,4,4.75
2018-10-30,3,5.0
2018-10-31,5,5.0
2018-11-01,2,5.0
2018-11-02,2,5.0
2018-11-03,1,3.0
2018-11-04,4,5.0
2018-11-05,5,3.6
2018-11-06,5,4.6
2018-11-07,7,4.14
2018-11-08,4,4.25
2018-11-11,1,5.0
2018-11-12,3,4.33
2018-11-13,5,4.8
2018-11-14,8,4.62
2018-11-15,3,3.67
2018-11-16,2,5.0
2018-11-17,2,3.5
2018-11-18,1,3.0
2018-11-19,2,5.0
2018-11-20,4,3.75
2018-11-21,6,4.33
2018-11-22,4,3.75
2018-11-23,3,5.0
2018-11-24,2,3.5
2018-11-25,4,4.25
2018-11-26,4,4.0
2018-11-27,1,5.0
2018-11-28,4,3.75
2018-11-29,1,5.0
2018-11-30,4,4.75
2018-12-01,4,3.25
2018-12-02,3,4.33
2018-12-03,12,4.33
2018-12-04,8,2.88
2018-12-05,4,5.0
2018-12-06,7,4.0
2018-12-07,7,4.71
2018-12-08,5,4.0
2018-12-09,5,3.8
2018-12-10,6,4.67
2018-12-11,6,4.83
2018-12-12,5,3.6
2018-12-13,5,3.6
2018-12-14,4,4.0
2018-12-15,2,5.0
2018-12-16,2,3.0
2018-12-17,2,4.5
2018-12-18,7,4.0
2018-12-19,5,4.2
2018-12-20,4,4.0
2018-12-21,3,2.67
2018-12-22,4,3.25
2018-12-23,1,5.0
2018-12-24,3,4.67
2018-12-25,3,5.0
2018-12-26,3,4.33
2018-12-27,4,4.75
2018-12-28,3,5.0
2018-12-29,3,5.0
2018-12-30,2,5.0
2018-12-31,1,5.0
2019-01-01,3,4.67
2019-01-02,6,4.33
2019-01-03,4,4.0
2019-01-04,6,4.33
2019-01-05,5,5.0
2019-01-06,1,5.0
2019-01-07,3,3.67
2019-01-08,6,4.17
2019-01-09,6,3.83
2019-01-10,5,4.8
2019-01-11,4,4.75
2019-01-12,4,5.0
2019-01-13,2,5.0
2019-01-14,3,4.67
2019-01-15,6,3.83
2019-01-16,5,4.2
2019-01-17,7,4.29
2019-01-18,8,4.62
2019-01-19,5,4.8
2019-01-20,3,5.0
2019-01-21,6,4.33
2019-01-22,10,4.4
2019-01-23,5,3.2
2019-01-24,4,4.0
2019-01-25,7,3.86
2019-01-26,5,4.6
2019-01-27,2,2.5
2019-01-28,7,4.29
2019-01-29,18,4.78
2019-01-30,10,4.5
2019-01-31,11,4.36
2019-02-01,5,4.6
2019-02-02,6,3.67
2019-02-03,4,5.0
2019-02-04,7,4.86
2019-02-05,6,3.5
2019-02-06,6,4.33
2019-02-07,6,4.0
2019-02-08,11,4.27
2019-02-09,7,4.0
2019-02-10,4,5.0
2019-02-11,10,3.6
2019-02-12,11,4.45
2019-02-13,5,3.8
2019-02-14,6,4.5
2019-02-15,8,4.75
2019-02-16,9,4.78
2019-02-17,6,5.0
2019-02-18,11,4.64
2019-02-19,9,4.56
2019-02-20,11,3.91
2019-02-21,4,5.0
2019-02-22,4,4.75
2019-02-23,3,4.33
2019-02-24,5,3.4
2019-02-25,4,4.75
2019-02-26,9,3.78
2019-02-27,4,4.25
2019-02-28,3,4.33
2019-03-01,5,4.0
2019-03-02,5,4.0
2019-03-03,5,4.0
2019-03-04,4,4.75
2019-03-05,7,4.57
2019-03-06,8,3.5
2019-03-07,10,4.1
2019-03-08,10,4.8
2019-03-09,5,3.4
2019-03-10,8,3.62
2019-03-11,4,3.25
2019-03-12,8,4.62
2019-03-13,8,4.88
2019-03-14,7,4.29
2019-03-15,4,5.0
2019-03-16,9,4.11
2019-03-17,6,4.5
2019-03-18,5,4.2
2019-03-19,9,4.0
2019-03-20,6,4.67
2019-03-21,8,4.12
2019-03-22,11,3.73
2019-03-23,7,4.29
2019-03-24,6,3.67
2019-03-25,9,4.0
2019-03-26,11,3.18
2019-03-27,5,4.2
2019-03-28,4,3.25
2019-03-29,6,4.0
2019-03-30,6,3.33
2019-03-31,12,4.0
2019-04-01,7,3.57
2019-04-02,4,4.5
2019-04-03,6,4.33
2019-04-04,10,3.2
2019-04-05,2,3.0
2019-04-06,5,4.0
2019-04-07,4,4.0
2019-04-08,7,4.14
2019-04-09,4,4.25
2019-04-10,10,3.8
2019-04-11,3,4.0
2019-04-12,4,4.25
2019-04-13,2,4.5
2019-04-14,7,4.57
2019-04-15,4,4.25
2019-04-16,6,3.5
2019-04-17,3,3.0
2019-04-18,5,4.2
2019-04-19,6,4.0
2019-04-20,2,4.5
2019-04-21,10,4.6
2019-04-22,9,3.44
2019-04-23,8,4.12
2019-04-24,7,4.29
2019-04-25,6,4.67
2019-04-26,8,4.5
2019-04-27,6,4.17
2019-04-28,2,3.0
2019-04-29,13,3.92
2019-04-30,9,4.78
2019-05-01,12,3.92
2019-05-02,6,5.0
2019-05-03,5,4.6
2019-05-04,3,4.33
2019-05-05,7,4.86
2019-05-06,4,4.75
2019-05-07,8,4.12
2019-05-08,5,3.8
2019-05-09,7,4.86
2019-05-10,8,4.38
2019-05-11,7,4.14
2019-05-12,4,4.0
2019-05-13,5,4.6
2019-05-14,4,4.5
2019-05-15,5,3.8
2019-05-16,11,3.91
2019-05-17,11,4.73
2019-05-18,7,4.14
2019-05-19,5,3.4
2019-05-20,4,4.75
2019-05-21,9,3.89
2019-05-22,13,4.08
2019-05-23,12,4.25
2019-05-24,10,3.3
2019-05-25,6,3.17
2019-05-26,5,3.0
2019-05-27,5,3.4
2019-05-28,13,4.0
2019-05-29,4,5.0
2019-05-30,5,4.0
2019-05-31,6,4.33
2019-06-01,3,5.0
2019-06-02,12,4.08
2019-06-03,5,4.0
2019-06-04,8,3.25
2019-06-05,9,3.56
2019-06-06,11,4.09
2019-06-07,14,4.14
2019-06-08,10,3.5
2019-06-09,10,4.7
2019-06-10,6,4.17
2019-06-11,9,3.89
2019-06-12,6,5.0
2019-06-13,11,3.82
2019-06-14,11,3.73
2019-06-15,6,4.33
2019-06-16,6,4.67
2019-06-17,8,4.12
2019-06-18,12,4.75
2019-06-19,9,3.67
2019-06-20,11,4.18
2019-06-21,12,4.17
2019-06-22,6,3.67
2019-06-23,7,3.57
2019-06-24,8,3.5
2019-06-25,7,4.43
2019-06-26,6,4.33
2019-06-27,2,5.0
2019-06-28,4,4.5
2019-06-29,4,4.5
2019-06-30,4,4.25
2019-07-01,5,4.0
2019-07-02,6,3.67
2019-07-03,8,3.88
2019-07-04,7,3.86
2019-07-05,5,4.6
2019-07-06,5,4.8
2019-07-07,5,4.0
2019-07-08,9,4.33
2019-07-09,7,4.43
2019-07-10,6,3.67
2019-07-11,6,5.0
2019-07-12,9,4.56
2019-07-13,2,5.0
2019-07-14,4,4.5
2019-07-15,14,4.14
2019-07-16,3,4.67
2019-07-17,7,4.29
2019-07-18,6,4.67
2019-07-19,6,3.83
2019-07-20,6,4.17
2019-07-21,4,3.0
2019-07-22,5,5.0
2019-07-23,6,4.83
2019-07-24,11,4.64
2019-07-25,10,4.6
2019-07-26,10,4.4
2019-07-27,5,4.8
2019-07-28,4,4.25
2019-07-29,6,4.33
2019-07-30,11,4.27
2019-07-31,6,3.17
2019-08-01,12,3.75
2019-08-02,7,4.43
2019-08-03,3,5.0
2019-08-04,3,3.33
2019-08-05,6,4.83
2019-08-06,9,4.33
2019-08-07,3,4.67
2019-08-08,7,3.71
2019-08-09,8,3.25
2019-08-10,4,5.0
2019-08-11,5,4.6
2019-08-12,7,3.71
2019-08-13,7,4.14
2019-08-14,6,3.5
2019-08-15,10,3.1
2019-08-16,4,3.75
2019-08-17,8,4.38
2019-08-18,7,4.29
2019-08-19,9,4.11
2019-08-20,4,4.0
2019-08-21,8,4.88
2019-08-22,7,4.57
2019-08-23,4,4.5
2019-08-24,1,5.0
2019-08-25,2,2.5
2019-08-26,4,4.25
2019-08-27,10,4.4
2019-08-28,6,4.5
2019-08-29,8,4.0
2019-08-30,5,4.4
2019-08-31,3,3.67
2019-09-01,5,4.8
2019-09-02,4,4.75
2019-09-03,6,4.0
2019-09-04,7,4.14
2019-09-05,9,4.33
2019-09-06,5,4.8
2019-09-07,4,4.25
2019-09-08,4,3.25
2019-09-09,1,5.0
2019-09-10,5,4.8
2019-09-11,7,3.86
2019-09-12,6,4.33
2019-09-13,4,3.5
2019-09-14,4,4.5
2019-09-16,8,4.62
2019-09-17,6,3.83
2019-09-18,9,4.0
2019-09-19,9,3.89
2019-09-20,7,4.43
2019-09-21,5,5.0
2019-09-22,5,2.4
2019-09-23,8,4.62
2019-09-24,14,4.0
2019-09-25,12,4.08
2019-09-26,7,4.43
2019-09-27,6,3.0
2019-09-28,10,4.6
2019-09-29,7,3.43
2019-09-30,9,4.78
2019-10-01,13,3.69
2019-10-02,17,4.24
2019-10-03,11,4.27
2019-10-04,9,4.67
2019-10-05,6,3.5
2019-10-06,6,4.0
2019-10-07,12,4.08
2019-10-08,8,3.38
2019-10-09,5,3.8
2019-10-10,7,3.86
2019-10-11,7,4.0
2019-10-12,10,4.1
2019-10-13,10,4.0
2019-10-14,8,4.12
2019-10-15,7,4.71
2019-10-16,14,3.79
2019-10-17,8,4.5
2019-10-18,10,3.7
2019-10-19,11,3.82
2019-10-20,10,3.8
2019-10-21,12,3.67
2019-10-22,10,3.6
2019-10-23,14,4.0
2019-10-24,19,4.21
2019-10-25,6,4.17
2019-10-26,10,3.6
2019-10-27,5,3.0
2019-10-28,4,3.75
2019-10-29,9,4.78
2019-10-30,9,3.89
2019-10-31,11,4.27
2019-11-01,4,3.25
2019-11-02,9,2.56
2019-11-03,7,3.14
2019-11-04,8,3.75
2019-11-05,5,4.2
2019-11-06,5,4.0
2019-11-07,5,3.8
2019-11-08,6,2.33
2019-11-09,4,2.0
2019-11-10,5,2.8
2019-11-11,6,2.83
2019-11-12,5,3.2
2019-11-13,4,3.0
2019-11-14,4,3.5
2019-11-15,4,2.25
2019-11-16,5,2.8
2019-11-17,8,2.12
2019-11-18,9,2.67
2019-11-19,10,2.8
2019-11-20,6,3.33
2019-11-21,6,3.5
2019-11-22,12,3.75
2019-11-23,8,3.38
2019-11-24,7,3.0
2019-11-25,4,2.25
2019-11-26,6,2.0
2019-11-27,10,2.8
2019-11-28,9,3.44
2019-11-29,3,3.33
2019-11-30,5,1.6
2019-12-01,4,2.25
2019-12-02,5,3.0
2019-12-03,5,2.4
2019-12-04,3,1.33
2019-12-05,9,2.44
2019-12-06,3,3.0
2019-12-07,8,2.5
2019-12-08,9,3.89
2019-12-09,6,2.0
2019-12-10,6,3.5
2019-12-11,8,3.88
2019-12-12,8,3.0
2019-12-13,4,1.0
2019-12-14,7,1.86
2019-12-15,4,3.75
2019-12-16,8,3.38
2019-12-17,4,4.25
2019-12-18,9,4.44
2019-12-19,8,3.75
2019-12-20,8,2.5
2019-12-21,4,4.25
2019-12-22,5,2.4
2019-12-23,7,3.57
2019-12-24,7,3.43
2019-12-25,8,3.0
2019-12-26,5,1.8
2019-12-27,5,3.2
2019-12-28,4,2.5
2019-12-29,8,3.62
2019-12-30,6,4.83
2019-12-31,7,3.29
2020-01-01,6,3.33
2020-01-02,7,2.71
2020-01-03,6,3.83
2020-01-04,6,3.5
2020-01-05,6,3.5
2020-01-06,7,2.71
2020-01-07,7,3.29
2020-01-08,9,3.11
2020-01-09,1,3.0
2020-01-10,8,3.75
2020-01-11,6,3.33
2020-01-12,7,3.71
2020-01-13,8,2.75
2020-01-14,10,3.7
2020-01-15,6,4.17
2020-01-16,9,3.56
2020-01-17,5,2.8
2020-01-18,6,2.67
2020-01-19,7,3.43
2020-01-20,6,2.0
2020-01-21,5,2.0
2020-01-22,6,4.33
2020-01-23,8,1.5
2020-01-24,8,3.88
2020-01-25,3,2.33
2020-01-26,11,2.73
2020-01-27,5,4.0
2020-01-28,3,3.67
2020-01-29,1,5.0
2020-01-30,1,5.0
2020-01-31,7,3.43
2020-02-01,5,3.4
2020-02-02,1,5.0
2020-02-03,2,3.0
2020-02-04,3,4.0
2020-02-05,3,3.67
2020-02-06,5,3.0
2020-02-07,11,3.73
2020-02-08,5,2.6
2020-02-09,6,1.83
2020-02-10,4,2.0
2020-02-11,9,3.22
2020-02-12,8,3.62
2020-02-13,6,4.0
2020-02-14,15,4.07
2020-02-15,13,4.31
2020-02-16,13,4.0
2020-02-17,16,4.38
2020-02-18,12,3.58
2020-02-19,29,3.76
2020-02-20,21,4.33
2020-02-21,17,4.29
2020-02-22,12,4.75
2020-02-23,9,4.67
2020-02-24,20,4.2
2020-02-25,17,4.12
2020-02-26,12,4.0
2020-02-27,12,4.92
2020-02-28,20,4.4
2020-02-29,8,3.25
2020-03-01,13,4.46
2020-03-02,9,4.44
2020-03-03,16,4.0
2020-03-04,14,4.07
2020-03-05,16,4.12
2020-03-06,13,3.62
2020-03-07,6,3.67
2020-03-08,17,4.29
2020-03-09,16,4.12
2020-03-10,9,3.89
2020-03-11,15,4.13
2020-03-12,13,4.31
2020-03-13,6,4.0
2020-03-14,10,4.6
2020-03-15,9,4.78
2020-03-16,9,3.56
2020-03-17,6,4.33
2020-03-18,8,4.75
2020-03-19,6,3.83
2020-03-20,15,4.13
2020-03-21,11,3.64
2020-03-22,12,4.42
2020-03-23,15,4.07
2020-03-24,7,4.29
2020-03-25,11,4.0
2020-03-26,18,3.83
2020-03-27,8,4.38
2020-03-28,5,4.4
2020-03-29,6,4.0
2020-03-30,6,4.5
2020-03-31,13,4.23
2020-04-01,14,4.36
2020-04-02,14,4.07
2020-04-03,8,3.88
2020-04-04,12,4.33
2020-04-05,9,4.44
2020-04-06,9,4.11
2020-04-07,9,4.22
2020-04-08,11,4.64
2020-04-09,16,3.94
2020-04-10,11,4.36
2020-04-11,17,4.65
2020-04-12,11,3.82
2020-04-13,10,4.4
2020-04-14,14,4.36
2020-04-15,24,4.29
2020-04-16,10,4.4
2020-04-17,11,3.64
2020-04-18,17,3.94
2020-04-19,16,4.06
2020-04-20,16,3.56
2020-04-21,15,3.67
2020-04-22,18,3.44
2020-04-23,16,3.81
2020-04-24,13,4.77
2020-04-25,17,3.88
2020-04-26,11,4.27
2020-04-27,12,4.5
2020-04-28,16,4.0
2020-04-29,11,4.82
2020-04-30,13,4.38
2020-05-01,18,4.11
2020-05-02,7,3.71
2020-05-03,14,4.36
2020-05-04,14,4.5
2020-05-05,16,3.94
2020-05-06,15,4.47
2020-05-07,14,4.29
2020-05-08,14,4.07
2020-05-09,12,3.92
2020-05-10,8,4.38
2020-05-11,13,3.92
2020-05-12,16,4.0
2020-05-13,20,4.75
2020-05-14,20,4.2
2020-05-15,37,4.05
2020-05-16,11,4.73
2020-05-17,10,4.2
2020-05-18,15,3.53
2020-05-19,28,4.64
2020-05-20,38,4.55
2020-05-21,28,3.86
2020-05-22,17,4.35
2020-05-23,19,4.0
2020-05-24,21,3.86
2020-05-25,12,4.0
2020-05-26,17,4.71
2020-05-27,19,4.05
2020-05-28,19,4.42
2020-05-29,22,4.41
2020-05-30,16,3.31
2020-05-31,20,3.35
2020-06-01,25,3.88
2020-06-02,18,4.06
2020-06-03,21,4.1
2020-06-04,15,3.73
2020-06-05,26,3.73
2020-06-06,15,4.07
2020-06-07,13,3.62
2020-06-08,15,4.0
2020-06-09,22,4.09
2020-06-10,20,4.65
2020-06-11,28,4.43
2020-06-12,22,4.27
2020-06-13,20,4.05
2020-06-14,14,4.07
2020-06-15,18,4.06
2020-06-16,14,4.14
2020-06-17,23,4.04
2020-06-18,10,3.8
2020-06-19,17,4.0
2020-06-20,10,3.8
2020-06-21,12,4.25
2020-06-22,8,3.62
2020-06-23,16,4.38
2020-06-24,23,4.39
2020-06-25,17,3.88
2020-06-26,19,4.21
2020-06-27,15,3.8
2020-06-28,13,4.08
2020-06-29,17,3.88
2020-06-30,10,4.0
2020-07-01,19,3.95
2020-07-02,9,4.78
2020-07-03,11,4.27
2020-07-04,6,3.83
2020-07-05,11,4.18
2020-07-06,17,4.47
2020-07-07,22,4.77
2020-07-08,20,3.7
2020-07-09,19,4.37
2020-07-10,16,3.94
2020-07-11,11,4.55
2020-07-12,13,3.15
2020-07-13,12,4.5
2020-07-14,18,4.11
2020-07-15,20,4.1
2020-07-16,10,4.6
2020-07-17,14,3.5
2020-07-18,11,4.36
2020-07-19,11,4.0
2020-07-20,14,4.71
2020-07-21,9,3.78
2020-07-22,19,4.37
2020-07-23,18,4.11
2020-07-24,11,4.18
2020-07-25,15,4.2
2020-07-26,11,4.18
2020-07-27,11,4.0
2020-07-28,12,3.58
2020-07-29,12,4.92
2020-07-30,11,3.91
2020-07-31,22,4.0
2020-08-01,8,4.5
2020-08-02,10,4.1
2020-08-03,14,3.57
2020-08-04,20,3.9
2020-08-05,15,4.33
2020-08-06,14,3.5
2020-08-07,13,4.0
2020-08-08,10,4.2
2020-08-09,11,3.55
2020-08-10,9,4.22
2020-08-11,16,4.19
2020-08-12,13,4.23
2020-08-13,13,4.08
2020-08-14,12,3.92
2020-08-15,15,3.27
2020-08-16,12,4.08
2020-08-17,16,3.94
2020-08-18,17,3.82
2020-08-19,10,4.5
2020-08-20,10,4.4
2020-08-21,6,4.33
2020-08-22,17,3.12
2020-08-23,20,4.4
2020-08-24,12,4.33
2020-08-25,10,3.9
2020-08-26,16,4.31
2020-08-27,21,3.95
2020-08-28,8,4.38
2020-08-29,17,4.0
2020-08-30,16,4.44
2020-08-31,14,4.43
2020-09-01,22,4.05
2020-09-02,22,3.73
2020-09-03,14,4.14
2020-09-04,17,3.24
2020-09-05,12,3.92
2020-09-06,21,4.05
2020-09-07,17,2.76
2020-09-08,17,3.82
2020-09-09,15,4.27
2020-09-10,26,4.27
2020-09-11,11,4.0
2020-09-12,17,4.06
2020-09-13,17,3.94
2020-09-14,17,4.65
2020-09-15,12,3.25
2020-09-16,23,3.91
2020-09-17,13,4.0
2020-09-18,15,3.67
2020-09-19,14,3.5
2020-09-20,15,3.73
2020-09-21,12,4.08
2020-09-22,12,4.58
2020-09-23,22,4.36
2020-09-24,13,3.62
2020-09-25,18,3.94
2020-09-26,18,4.22
2020-09-27,15,4.27
2020-09-28,15,4.27
2020-09-29,17,4.71
2020-09-30,18,4.22
2020-10-01,15,3.8
2020-10-02,10,3.5
2020-10-03,20,3.75
2020-10-04,14,3.93
2020-10-05,15,4.2
2020-10-06,11,4.27
2020-10-07,16,4.44
2020-10-08,20,4.3
2020-10-09,11,3.45
2020-10-10,15,3.93
2020-10-11,11,4.18
2020-10-12,23,4.09
2020-10-13,10,4.1
2020-10-14,9,3.67
2020-10-15,19,4.26
2020-10-16,14,3.5
2020-10-17,21,4.1
2020-10-18,16,3.44
2020-10-19,14,4.07
2020-10-20,12,3.83
2020-10-21,25,3.64
2020-10-22,13,4.23
2020-10-23,15,4.2
2020-10-24,14,3.86
2020-10-25,17,4.53
2020-10-26,18,3.5
2020-10-27,15,4.27
2020-10-28,14,4.14
2020-10-29,21,4.62
2020-10-30,14,4.21
2020-10-31,5,3.6
2020-11-01,16,4.25
2020-11-02,12,4.08
2020-11-03,10,4.4
2020-11-04,18,4.28
2020-11-05,16,3.94
2020-11-06,13,4.38
2020-11-07,15,4.33
2020-11-08,10,4.5
2020-11-09,13,4.31
2020-11-10,16,4.75
2020-11-11,10,4.5
2020-11-12,15,4.33
2020-11-13,12,4.58
2020-11-14,19,4.16
2020-11-15,10,4.9
2020-11-16,14,4.86
2020-11-17,8,3.5
2020-11-18,19,4.58
2020-11-19,10,4.2
2020-11-20,14,3.86
2020-11-21,16,3.81
2020-11-22,15,4.47
2020-11-23,17,4.47
2020-11-24,11,4.45
2020-11-25,14,4.57
2020-11-26,11,3.36
2020-11-27,6,4.67
2020-11-28,12,4.92
2020-11-29,14,4.79
2020-11-30,16,3.62
2020-12-01,24,4.21
2020-12-02,18,4.33
2020-12-03,22,4.41
2020-12-04,18,4.39
2020-12-05,12,4.33
2020-12-06,15,3.53
2020-12-07,13,4.0
2020-12-08,14,4.36
2020-12-09,11,3.82
2020-12-10,18,4.67
2020-12-11,9,3.33
2020-12-12,10,4.4
2020-12-13,8,4.5
2020-12-14,13,4.46
2020-12-15,20,4.2
2020-12-16,12,4.25
2020-12-17,16,4.31
2020-12-18,7,3.14
2020-12-19,12,4.75
2020-12-20,13,4.23
2020-12-21,10,4.6
2020-12-22,20,4.15
2020-12-23,10,4.4
2020-12-24,9,4.44
2020-12-25,8,3.75
2020-12-26,8,3.75
2020-12-27,17,4.0
2020-12-28,9,3.89
2020-12-29,11,4.36
2020-12-30,7,4.86
2020-12-31,8,4.5
2021-01-01,8,3.75
2021-01-02,10,5.0
2021-01-03,11,3.36
2021-01-04,19,3.47
2021-01-05,16,4.19
2021-01-06,14,3.57
2021-01-07,14,3.79
2021-01-08,14,4.29
2021-01-09,11,3.27
2021-01-10,10,3.6
2021-01-11,16,4.56
2021-01-12,9,3.44
2021-01-13,8,4.25
2021-01-14,18,4.06
2021-01-15,15,4.73
2021-01-16,11,3.91
2021-01-17,13,4.69
2021-01-18,13,4.31
2021-01-19,10,4.1
2021-01-20,23,4.17
2021-01-21,21,4.14
2021-01-22,21,4.38
2021-01-23,12,3.67
2021-01-24,17,3.47
2021-01-25,17,4.41
2021-01-26,14,4.07
2021-01-27,18,4.61
2021-01-28,23,4.43
2021-01-29,19,4.05
2021-01-30,13,3.85
2021-01-31,15,3.87
2021-02-01,16,4.81
2021-02-02,21,4.19
2021-02-03,20,4.25
2021-02-04,17,4.35
2021-02-05,14,4.71
2021-02-06,18,4.0
2021-02-07,12,3.08
2021-02-08,7,4.0
2021-02-09,12,4.5
2021-02-10,15,3.8
2021-02-11,13,3.85
2021-02-12,23,3.22
2021-02-13,9,4.44
2021-02-14,12,4.33
2021-02-15,14,4.14
2021-02-16,14,4.14
2021-02-17,15,4.4
2021-02-18,8,4.62
2021-02-19,15,3.67
2021-02-20,12,3.83
2021-02-21,8,3.5
2021-02-22,13,4.31
2021-02-23,28,4.0
2021-02-24,17,4.35
2021-02-25,19,4.11
2021-02-26,12,4.67
2021-02-27,22,4.32
2021-02-28,8,4.12
2021-03-01,28,4.29
2021-03-02,12,4.75
2021-03-03,17,4.35
2021-03-04,26,4.12
2021-03-05,15,3.73
2021-03-06,11,4.55
2021-03-07,18,4.44
2021-03-08,8,4.12
2021-03-09,18,4.06
2021-03-10,7,5.0
2021-03-11,19,4.0
2021-03-12,15,4.13
2021-03-13,16,3.62
2021-03-14,9,3.22
2021-03-15,20,3.85
2021-03-16,14,4.64
2021-03-17,17,4.65
2021-03-18,22,4.36
2021-03-19,19,4.21
2021-03-20,10,4.3
2021-03-21,17,4.12
2021-03-22,11,4.55
2021-03-23,26,4.15
2021-03-24,16,4.25
2021-03-25,18,4.06
2021-03-26,10,3.9
2021-03-27,15,4.53
2021-03-28,4,4.5
2021-03-29,10,4.1
2021-03-30,26,4.12
2021-03-31,24,4.25
2021-04-01,20,3.95
2021-04-02,15,2.93
2021-04-03,12,4.75
2021-04-04,11,4.73
2021-04-05,15,4.27
2021-04-06,12,3.08
2021-04-07,18,4.22
2021-04-08,11,3.91
2021-04-09,13,4.46
2021-04-10,14,3.79
2021-04-11,14,4.29
2021-04-12,20,4.4
2021-04-13,7,4.0
2021-04-14,7,4.57
2021-04-15,12,4.33
2021-04-16,13,4.38
2021-04-17,8,4.5
2021-04-18,14,4.57
2021-04-19,12,4.58
2021-04-20,17,4.41
2021-04-21,16,4.5
2021-04-22,13,4.15
2021-04-23,10,3.6
2021-04-24,11,4.73
2021-04-25,18,4.11
2021-04-26,16,4.44
2021-04-27,22,4.14
2021-04-28,13,4.69
2021-04-29,9,5.0
2021-04-30,6,4.67
2021-05-01,11,4.09
2021-05-02,10,4.9
2021-05-03,16,4.0
2021-05-04,16,4.38
2021-05-05,11,4.45
2021-05-06,7,5.0
2021-05-07,11,4.36
2021-05-08,19,4.32
2021-05-09,17,4.0
2021-05-10,19,4.37
2021-05-11,15,3.93
2021-05-12,20,4.85
2021-05-13,18,4.44
2021-05-14,16,3.94
2021-05-15,22,4.0
2021-05-16,17,4.12
2021-05-17,18,4.61
2021-05-18,22,3.95
2021-05-19,22,4.68
2021-05-20,9,4.67
2021-05-21,12,4.0
2021-05-22,12,4.0
2021-05-23,11,3.91
2021-05-24,5,4.0
2021-05-25,14,4.07
2021-05-26,20,4.5
2021-05-27,19,3.89
2021-05-28,15,4.47
2021-05-29,17,4.24
2021-05-30,12,4.42
2021-05-31,11,4.18
2021-06-01,19,4.37
2021-06-02,19,3.89
2021-06-03,23,3.74
2021-06-04,13,4.08
2021-06-05,16,4.56
2021-06-06,13,4.85
2021-06-07,14,4.14
2021-06-08,20,4.4
2021-06-09,20,3.5
2021-06-10,20,4.35
2021-06-11,16,4.25
2021-06-12,8,3.75
2021-06-13,8,3.88
2021-06-14,19,4.74
2021-06-15,18,4.28
2021-06-16,17,4.18
2021-06-17,16,4.0
2021-06-18,15,4.07
2021-06-19,11,4.18
2021-06-20,9,4.33
2021-06-21,10,4.2
2021-06-22,16,3.62
2021-06-23,13,3.69
2021-06-24,13,4.23
2021-06-25,12,4.83
2021-06-26,9,3.44
2021-06-27,11,4.45
2021-06-28,14,4.71
2021-06-29,11,4.27
2021-06-30,9,4.33
2021-07-01,17,3.59
2021-07-02,11,4.64
2021-07-03,14,3.79
2021-07-04,10,4.2
2021-07-05,16,3.56
2021-07-06,9,4.22
2021-07-07,16,4.56
2021-07-08,9,3.78
2021-07-09,12,4.25
2021-07-10,19,3.79
2021-07-11,16,4.44
2021-07-12,9,4.56
2021-07-13,17,4.71
2021-07-14,15,4.33
2021-07-15,13,4.62
2021-07-16,16,4.62
2021-07-17,14,3.79
2021-07-18,15,4.13
2021-07-19,11,3.36
2021-07-20,15,4.47
2021-07-21,9,4.11
2021-07-22,27,3.93
2021-07-23,13,4.31
2021-07-24,10,3.4
2021-07-25,16,4.12
2021-07-26,15,4.53
2021-07-27,16,4.12
2021-07-28,11,4.27
2021-07-29,8,3.88
2021-07-30,17,3.53
2021-07-31,10,3.4
2021-08-01,17,4.12
2021-08-02,12,3.58
2021-08-03,13,4.31
2021-08-04,10,4.5
2021-08-05,13,4.23
2021-08-06,12,3.83
2021-08-07,18,3.94
2021-08-08,10,3.6
2021-08-09,18,3.67
2021-08-10,14,4.21
2021-08-11,10,3.8
2021-08-12,18,2.78
2021-08-13,12,3.67
2021-08-14,13,4.08
2021-08-15,11,4.09
2021-08-16,7,3.71
2021-08-17,11,3.91
2021-08-18,13,3.69
2021-08-19,13,3.69
2021-08-20,11,4.36
2021-08-21,17,4.41
2021-08-22,9,4.11
2021-08-23,22,4.09
2021-08-24,13,3.85
2021-08-25,15,4.33
2021-08-26,9,3.22
2021-08-27,7,3.57
2021-08-28,16,3.38
2021-08-29,7,4.43
2021-08-30,15,4.2
2021-08-31,16,4.0
2021-09-01,11,4.09
2021-09-02,11,4.18
2021-09-03,15,4.27
2021-09-04,11,4.36
2021-09-05,9,4.0
2021-09-06,9,3.44
2021-09-07,13,4.15
2021-09-08,6,4.33
2021-09-09,11,3.55
2021-09-10,14,3.57
2021-09-11,10,3.7
2021-09-12,18,4.06
2021-09-13,11,3.64
2021-09-14,16,3.56
2021-09-15,14,3.36
2021-09-16,22,4.14
2021-09-17,8,3.12
2021-09-18,7,4.0
2021-09-19,12,4.25
2021-09-20,10,3.9
2021-09-21,13,3.46
2021-09-22,19,4.16
2021-09-23,8,4.88
2021-09-24,14,4.21
2021-09-25,8,3.88
2021-09-26,13,4.46
2021-09-27,12,3.33
2021-09-28,8,4.25
2021-09-29,17,4.47
2021-09-30,18,3.78
2021-10-01,12,3.67
2021-10-02,15,3.67
2021-10-03,12,3.25
2021-10-04,15,4.13
2021-10-05,10,4.0
2021-10-06,16,4.44
2021-10-07,13,3.77
2021-10-08,10,4.4
2021-10-09,8,3.38
2021-10-10,15,4.2
2021-10-11,15,3.4
2021-10-12,13,3.85
2021-10-13,19,4.37
2021-10-14,15,3.93
2021-10-15,13,4.54
2021-10-16,9,4.22
2021-10-17,12,4.33
2021-10-18,11,3.27
2021-10-19,13,3.77
2021-10-20,15,4.93
2021-10-21,9,4.0
2021-10-22,19,4.16
2021-10-23,10,3.3
2021-10-24,12,3.5
2021-10-25,18,3.94
2021-10-26,13,3.46
2021-10-27,13,4.23
2021-10-28,7,3.86
2021-10-29,11,3.45
2021-10-30,9,3.67
2021-10-31,10,3.1
2021-11-01,12,4.42
2021-11-02,11,4.27
2021-11-03,17,4.24
2021-11-04,9,3.78
2021-11-05,14,4.5
2021-11-06,18,3.44
2021-11-07,8,4.12
2021-11-08,23,3.96
2021-11-09,16,4.19
2021-11-10,18,3.17
2021-11-11,20,4.7
2021-11-12,6,4.5
2021-11-13,10,4.3
2021-11-14,8,4.38
2021-11-15,15,4.27
2021-11-16,15,4.4
2021-11-17,9,4.89
2021-11-18,12,3.58
2021-11-19,15,4.07
2021-11-20,11,3.64
2021-11-21,17,3.24
2021-11-22,12,3.75
2021-11-23,14,3.64
2021-11-24,10,4.4
2021-11-25,7,4.57
2021-11-26,14,4.43
2021-11-27,10,4.2
2021-11-28,11,3.36
2021-11-29,19,3.53
2021-11-30,10,4.2
2021-12-01,13,4.08
2021-12-02,14,3.71
2021-12-03,13,3.46
2021-12-04,13,4.08
2021-12-05,7,4.71
2021-12-06,7,4.29
2021-12-07,11,3.36
2021-12-08,10,4.0
2021-12-09,14,4.0
2021-12-10,16,3.25
2021-12-11,10,4.6
2021-12-12,8,4.0
2021-12-13,5,3.2
2021-12-14,14,4.14
2021-12-15,14,4.71
2021-12-16,13,3.85
2021-12-17,12,3.67
2021-12-18,16,3.75
2021-12-19,14,3.79
2021-12-20,11,3.91
2021-12-21,8,3.62
2021-12-22,13,4.23
2021-12-23,7,4.14
2021-12-24,9,3.44
2021-12-25,7,2.86
2021-12-26,15,3.87
2021-12-27,17,3.88
2021-12-28,14,4.36
2021-12-29,10,4.0
2021-12-30,8,3.62
2021-12-31,3,3.33
2022-01-01,12,4.25
2022-01-02,18,4.06
2022-01-03,17,3.12
2022-01-04,17,4.0
2022-01-05,13,4.08
2022-01-06,14,3.29
2022-01-07,6,3.33
2022-01-08,8,4.38
2022-01-09,11,4.18
2022-01-10,14,3.86
2022-01-11,13,4.54
2022-01-12,14,4.0
2022-01-13,17,4.65
2022-01-14,9,3.89
2022-01-15,10,4.4
2022-01-16,14,3.79
2022-01-17,15,3.8
2022-01-18,11,3.73
2022-01-19,8,4.12
2022-01-20,14,4.14
2022-01-21,14,3.29
2022-01-22,19,3.05
2022-01-23,16,3.62
2022-01-24,20,3.8
2022-01-25,13,3.85
2022-01-26,17,3.59
2022-01-27,11,4.36
2022-01-28,12,4.25
2022-01-29,17,3.94
2022-01-30,27,3.81
2022-01-31,12,4.17
2022-02-01,11,3.82
2022-02-02,17,3.0
2022-02-03,21,3.57
2022-02-04,20,3.8
2022-02-05,25,3.8
2022-02-06,21,4.0
2022-02-07,18,3.78
2022-02-08,13,3.62
2022-02-09,15,4.27
2022-02-10,19,4.53
2022-02-11,17,3.76
2022-02-12,15,3.67
2022-02-13,14,3.57
2022-02-14,17,3.47
2022-02-15,16,3.06
2022-02-16,23,3.43
2022-02-17,13,3.38
2022-02-18,23,3.48
2022-02-19,19,3.26
2022-02-20,20,3.4
2022-02-21,18,3.28
2022-02-22,13,3.38
2022-02-23,30,3.8
2022-02-24,27,3.3
2022-02-25,26,3.08
2022-02-26,17,2.76
2022-02-27,24,2.71
2022-02-28,23,3.61
2022-03-01,29,2.83
2022-03-02,26,2.69
2022-03-03,16,3.31
2022-03-04,16,3.25
2022-03-05,8,3.62
2022-03-06,15,4.07
2022-03-07,14,3.86
2022-03-08,28,4.11
2022-03-09,10,3.0
2022-03-10,9,4.0
2022-03-11,10,3.7
2022-03-12,12,3.92
2022-03-13,13,2.77
2022-03-14,8,3.88
2022-03-15,9,3.22
2022-03-16,5,3.2
2022-03-17,10,4.0
2022-03-18,11,4.45
2022-03-19,15,3.73
2022-03-20,10,3.5
2022-03-21,11,3.91
2022-03-22,10,3.5
2022-03-23,11,3.91
2022-03-24,12,3.75
2022-03-25,6,3.5
2022-03-26,12,4.0
2022-03-27,18,3.78
2022-03-28,17,3.94
2022-03-29,12,3.5
2022-03-30,13,4.31
2022-03-31,12,4.92
2022-04-01,8,4.25
2022-04-02,6,4.83
2022-04-03,14,4.0
2022-04-04,8,3.88
2022-04-05,11,3.64
2022-04-06,12,4.33
2022-04-07,9,4.44
2022-04-08,18,3.06
2022-04-09,8,3.88
2022-04-10,11,3.91
2022-04-11,5,4.8
2022-04-12,9,4.44
2022-04-13,7,3.43
2022-04-14,10,4.0
2022-04-15,14,3.64
2022-04-16,10,3.8
2022-04-17,15,3.67
2022-04-18,18,3.17
2022-04-19,16,3.19
2022-04-20,19,2.58
2022-04-21,18,3.56
2022-04-22,19,4.21
2022-04-23,18,3.17
2022-04-24,13,3.15
2022-04-25,20,3.45
2022-04-26,26,3.5
2022-04-27,16,3.94
2022-04-28,15,3.93
2022-04-29,16,3.81
2022-04-30,9,3.67
2022-05-01,11,3.0
2022-05-02,8,3.75
2022-05-03,20,3.2
2022-05-04,16,4.31
2022-05-05,11,4.27
2022-05-06,12,4.17
2022-05-07,4,3.5
2022-05-08,10,4.2
2022-05-09,9,4.56
2022-05-10,13,4.0
2022-05-11,16,4.12
2022-05-12,15,4.27
2022-05-13,9,4.33
2022-05-14,20,3.8
2022-05-15,7,3.43
2022-05-16,11,3.45
2022-05-17,6,3.33
2022-05-18,14,3.64
2022-05-19,6,4.83
2022-05-20,9,3.78
2022-05-21,11,3.64
2022-05-22,9,3.89
2022-05-23,12,3.58
2022-05-24,14,3.86
2022-05-25,14,4.0
2022-05-26,14,4.43
2022-05-27,10,4.2
2022-05-28,8,3.38
2022-05-29,13,4.54
2022-05-30,7,4.71
2022-05-31,11,3.55
2022-06-01,9,3.78
2022-06-02,13,4.46
2022-06-03,15,3.47
2022-06-04,11,4.0
2022-06-05,6,2.83
2022-06-06,15,3.67
2022-06-07,17,4.06
2022-06-08,12,3.67
2022-06-09,4,3.75
2022-06-10,8,4.38
2022-06-11,10,3.9
2022-06-12,13,3.62
2022-06-13,7,4.29
2022-06-14,12,3.58
2022-06-15,12,4.25
2022-06-16,11,4.0
2022-06-17,7,4.0
2022-06-18,10,3.6
2022-06-19,2,4.0
2022-06-20,11,3.45
2022-06-21,7,3.29
2022-06-22,15,3.87
2022-06-23,16,3.38
2022-06-24,16,4.0
2022-06-25,10,2.7
2022-06-26,13,3.46
2022-06-27,15,3.33
2022-06-28,5,3.4
2022-06-29,11,4.09
2022-06-30,10,4.4
2022-07-01,10,3.8
2022-07-02,15,3.0
2022-07-03,7,4.0
2022-07-04,4,5.0
2022-07-05,11,4.55
2022-07-06,11,3.55
2022-07-07,15,4.0
2022-07-08,9,3.33
2022-07-09,11,3.82
2022-07-10,5,3.2
2022-07-11,12,4.0
2022-07-12,17,3.71
2022-07-13,12,3.33
2022-07-14,7,3.71
2022-07-15,11,3.64
2022-07-16,12,3.5
2022-07-17,15,3.67
2022-07-18,9,4.0
2022-07-19,17,3.24
2022-07-20,18,3.28
2022-07-21,17,3.76
2022-07-22,16,4.0
2022-07-23,13,4.0
2022-07-24,16,4.06
2022-07-25,10,3.2
2022-07-26,9,4.22
2022-07-27,16,4.12
2022-07-28,11,4.27
2022-07-29,12,2.92
2022-07-30,6,3.5
2022-07-31,12,3.5
2022-08-01,10,4.2
2022-08-02,9,3.78
2022-08-03,12,3.5
2022-08-04,10,4.8
2022-08-05,14,3.64
2022-08-06,15,3.8
2022-08-07,8,4.75
2022-08-08,21,3.48
2022-08-09,12,4.25
2022-08-10,11,3.64
2022-08-11,7,4.14
2022-08-12,5,3.4
2022-08-13,18,4.5
2022-08-14,12,3.5
2022-08-15,12,3.5
2022-08-16,12,4.0
2022-08-17,15,3.73
2022-08-18,17,3.88
2022-08-19,14,3.5
2022-08-20,8,4.12
2022-08-21,7,4.0
2022-08-22,22,2.64
2022-08-23,10,4.0
2022-08-24,9,2.56
2022-08-25,8,4.0
2022-08-26,13,3.38
2022-08-27,6,4.67
2022-08-28,11,3.18
2022-08-29,10,4.2
2022-08-30,17,3.53
2022-08-31,13,3.92
2022-09-01,10,3.8
2022-09-02,12,3.67
2022-09-03,10,3.4
2022-09-04,15,3.47
2022-09-05,10,3.4
2022-09-06,11,3.36
2022-09-07,7,4.29
2022-09-08,8,3.5
2022-09-09,14,4.07
2022-09-10,13,4.38
2022-09-11,11,3.45
2022-09-12,6,4.0
2022-09-13,16,3.94
2022-09-14,11,3.55
2022-09-15,9,3.44
2022-09-16,14,3.57
2022-09-17,5,4.8
2022-09-18,10,4.8
2022-09-19,5,3.0
2022-09-20,15,3.8
2022-09-21,14,3.0
2022-09-22,14,3.86
2022-09-23,9,4.33
2022-09-24,10,4.1
2022-09-25,7,3.71
2022-09-26,5,4.2
2022-09-27,16,3.5
2022-09-28,12,3.17
2022-09-29,14,3.29
2022-09-30,13,3.38
2022-10-01,9,3.78
2022-10-02,11,4.09
2022-10-03,4,3.5
2022-10-04,15,3.73
2022-10-05,15,3.33
2022-10-06,5,3.2
2022-10-07,6,4.17
2022-10-08,7,3.57
2022-10-09,13,3.23
2022-10-10,13,3.15
2022-10-11,15,3.2
2022-10-12,21,3.86
2022-10-13,16,3.69
2022-10-14,9,3.44
2022-10-15,11,4.27
2022-10-16,14,3.36
2022-10-17,17,3.71
2022-10-18,12,3.33
2022-10-19,15,3.53
2022-10-20,16,3.75
2022-10-21,4,1.5
2022-10-22,10,3.6
2022-10-23,7,3.57
2022-10-24,14,3.86
2022-10-25,11,3.09
2022-10-26,2,5.0
2022-10-27,22,3.41
2022-10-28,9,3.67
2022-10-29,16,2.75
2022-10-30,10,3.1
2022-10-31,7,2.71
2022-11-01,10,3.0
2022-11-02,14,3.07
2022-11-03,5,4.8
2022-11-04,13,3.85
2022-11-05,10,3.3
2022-11-06,7,3.71
2022-11-07,14,3.64
2022-11-08,4,4.5
2022-11-09,13,3.85
2022-11-10,7,4.57
2022-11-11,12,3.75
2022-11-12,14,3.43
2022-11-13,12,3.92
2022-11-14,7,2.57
2022-11-15,12,2.83
2022-11-16,14,3.14
2022-11-17,11,3.36
2022-11-18,8,4.88
2022-11-19,10,3.8
2022-11-20,9,4.0
2022-11-21,10,3.6
2022-11-22,16,4.0
2022-11-23,13,3.62
2022-11-24,5,3.8
2022-11-25,12,2.67
2022-11-26,10,3.8
2022-11-27,18,3.56
2022-11-28,11,3.91
2022-11-29,6,1.83
2022-11-30,12,3.58
2022-12-01,15,3.93
2022-12-02,5,4.8
2022-12-03,9,3.56
2022-12-04,8,3.25
2022-12-05,10,3.2
2022-12-06,14,3.86
2022-12-07,15,3.8
2022-12-08,11,3.27
2022-12-09,10,3.5
2022-12-10,9,3.11
2022-12-11,12,3.67
2022-12-12,8,3.0
2022-12-13,16,3.62
2022-12-14,10,3.8
2022-12-15,8,3.75
2022-12-16,10,3.6
2022-12-17,6,2.67
2022-12-18,9,4.0
2022-12-19,7,3.86
2022-12-20,7,3.86
2022-12-21,11,2.82
2022-12-22,4,4.0
2022-12-23,10,3.9
2022-12-24,5,3.2
2022-12-25,11,4.27
2022-12-26,9,3.67
2022-12-27,3,3.0
2022-12-28,5,2.6
2022-12-29,5,2.4
2022-12-30,12,3.5
2022-12-31,9,4.22
2023-01-01,11,3.36
2023-01-02,10,3.1
2023-01-03,16,3.12
2023-01-04,8,4.5
2023-01-05,14,3.5
2023-01-06,9,3.67
2023-01-07,9,3.33
2023-01-08,13,3.0
2023-01-09,7,3.43
2023-01-10,14,3.5
2023-01-11,7,3.71
2023-01-12,12,4.25
2023-01-13,13,3.92
2023-01-14,11,3.55
2023-01-15,14,3.43
2023-01-16,15,3.0
2023-01-17,16,3.31
2023-01-18,10,4.3
2023-01-19,11,3.45
2023-01-20,7,4.43
2023-01-21,7,4.86
2023-01-22,9,2.89
2023-01-23,11,4.18
2023-01-24,14,2.93
2023-01-25,12,3.33
2023-01-26,7,4.14
2023-01-27,14,3.93
2023-01-28,9,3.44
2023-01-29,5,4.2
2023-01-30,14,3.5
2023-01-31,8,3.75
2023-02-01,14,3.93
2023-02-02,10,3.9
2023-02-03,11,3.45
2023-02-04,11,3.18
2023-02-05,8,2.62
2023-02-06,6,4.33
2023-02-07,15,3.73
2023-02-08,10,3.7
2023-02-09,17,3.18
2023-02-10,13,3.77
2023-02-11,10,4.4
2023-02-12,12,4.0
2023-02-13,12,3.75
2023-02-14,6,4.0
2023-02-15,8,3.88
2023-02-16,12,3.92
2023-02-17,6,4.0
2023-02-18,12,4.25
2023-02-19,14,3.71
2023-02-20,4,4.75
2023-02-21,12,3.25
2023-02-22,11,3.18
2023-02-23,16,3.81
2023-02-24,15,3.4
2023-02-25,13,3.46
2023-02-26,11,3.64
2023-02-27,20,3.75
2023-02-28,14,3.93
2023-03-01,13,3.62
2023-03-02,17,3.53
2023-03-03,16,4.31
2023-03-04,15,3.33
2023-03-05,14,4.21
2023-03-06,15,4.27
2023-03-07,18,3.89
2023-03-08,10,3.0
2023-03-09,12,3.5
2023-03-10,13,3.77
2023-03-11,13,3.38
2023-03-12,11,3.27
2023-03-13,15,3.47
2023-03-14,13,3.62
2023-03-15,14,4.07
2023-03-16,12,3.58
2023-03-17,10,3.2
2023-03-18,7,4.43
2023-03-19,10,3.8
2023-03-20,6,3.5
2023-03-21,19,4.11
2023-03-22,7,3.43
2023-03-23,18,3.11
2023-03-24,17,3.24
2023-03-25,9,2.78
2023-03-26,7,2.86
2023-03-27,13,3.31
2023-03-28,19,3.95
2023-03-29,10,2.8
2023-03-30,9,3.33
2023-03-31,15,4.47
2023-04-01,12,3.33
2023-04-02,15,3.53
2023-04-03,13,3.54
2023-04-04,15,3.27
2023-04-05,13,4.31
2023-04-06,9,3.44
2023-04-07,11,2.91
2023-04-08,8,4.0
2023-04-09,10,3.3
2023-04-10,9,3.89
2023-04-11,10,3.9
2023-04-12,9,2.89
2023-04-13,16,3.81
2023-04-14,9,2.56
2023-04-15,8,3.12
2023-04-16,8,4.25
2023-04-17,9,3.0
2023-04-18,8,4.38
2023-04-19,12,3.25
2023-04-20,11,3.27
2023-04-21,7,4.57
2023-04-22,7,3.0
2023-04-23,8,3.12
2023-04-24,8,2.88
2023-04-25,17,3.35
2023-04-26,6,2.67
2023-04-27,13,3.38
2023-04-28,10,3.4
2023-04-29,10,4.1
2023-04-30,9,3.0
2023-05-01,11,2.27
2023-05-02,16,3.69
2023-05-03,14,2.43
2023-05-04,9,4.11
2023-05-05,11,4.0
2023-05-06,10,3.7
2023-05-07,6,4.17
2023-05-08,10,3.7
2023-05-09,11,3.27
2023-05-10,9,3.0
2023-05-11,13,3.38
2023-05-12,19,2.58
2023-05-13,15,2.93
2023-05-14,10,3.2
2023-05-15,5,3.4
2023-05-16,11,3.82
2023-05-17,11,3.55
2023-05-18,13,2.92
2023-05-19,8,3.5
2023-05-20,8,4.88
2023-05-21,5,4.4
2023-05-22,10,4.2
2023-05-23,15,3.73
2023-05-24,15,3.13
2023-05-25,9,2.78
2023-05-26,18,2.72
2023-05-27,9,3.89
2023-05-28,15,2.93
2023-05-29,5,3.0
2023-05-30,12,3.42
2023-05-31,9,3.89
2023-06-01,6,3.83
2023-06-02,9,3.44
2023-06-03,10,3.8
2023-06-04,10,3.5
2023-06-05,11,3.64
2023-06-06,14,3.14
2023-06-07,7,3.29
2023-06-08,10,3.8
2023-06-09,8,3.5
2023-06-10,12,4.17
2023-06-11,2,3.0
2023-06-12,9,3.89
2023-06-13,8,2.5
2023-06-14,10,3.1
2023-06-15,14,3.36
2023-06-16,5,4.4
2023-06-17,8,3.62
2023-06-18,9,3.11
2023-06-19,12,2.83
2023-06-20,15,3.33
2023-06-21,9,3.0
2023-06-22,9,4.11
2023-06-23,14,3.57
2023-06-24,7,3.29
2023-06-25,10,2.7
2023-06-26,12,3.25
2023-06-27,9,2.56
2023-06-28,11,3.64
2023-06-29,11,3.45
2023-06-30,12,3.75
2023-07-01,13,3.77
2023-07-02,7,3.43
2023-07-03,15,3.07
2023-07-04,10,2.7
2023-07-05,6,2.83
2023-07-06,11,3.64
2023-07-07,5,4.2
2023-07-08,11,3.27
2023-07-09,16,3.94
2023-07-10,10,2.5
2023-07-11,8,4.0
2023-07-12,11,3.0
2023-07-13,7,3.43
2023-07-14,11,2.64
2023-07-15,6,4.0
2023-07-16,7,4.29
2023-07-17,9,3.44
2023-07-18,22,3.86
2023-07-19,9,2.89
2023-07-20,9,3.56
2023-07-21,13,3.62
2023-07-22,9,3.78
2023-07-23,13,3.69
2023-07-24,10,3.8
2023-07-25,11,2.27
2023-07-26,11,3.73
2023-07-27,8,2.88
2023-07-28,3,3.67
2023-07-29,6,3.0
2023-07-30,7,3.57
2023-07-31,12,2.92
2023-08-01,9,3.0
2023-08-02,10,4.1
2023-08-03,13,3.62
2023-08-04,10,2.8
2023-08-05,25,3.04
2023-08-06,14,3.86
2023-08-07,14,4.21
2023-08-08,14,4.07
2023-08-09,27,2.96
2023-08-10,25,3.04
2023-08-11,12,3.42
2023-08-12,12,2.42
2023-08-13,16,2.69
2023-08-14,26,2.15
2023-08-15,25,2.12
2023-08-16,17,2.06
2023-08-17,32,2.59
2023-08-18,38,2.39
2023-08-19,25,2.92
2023-08-20,16,2.44
2023-08-21,23,2.91
2023-08-22,17,3.59
2023-08-23,14,2.93
2023-08-24,24,3.38
2023-08-25,18,3.72
2023-08-26,15,3.53
2023-08-27,20,3.95
2023-08-28,11,3.45
2023-08-29,17,3.82
2023-08-30,8,3.38
2023-08-31,17,3.24
2023-09-01,10,3.8
2023-09-02,10,3.3
2023-09-03,12,3.58
2023-09-04,11,3.27
2023-09-05,17,3.82
2023-09-06,13,3.69
2023-09-07,19,3.26
2023-09-08,22,2.91
2023-09-09,12,3.5
2023-09-10,11,2.91
2023-09-11,16,4.0
2023-09-12,31,3.32
2023-09-13,12,3.0
2023-09-14,15,3.4
2023-09-15,13,3.0
2023-09-16,15,3.07
2023-09-17,22,3.09
2023-09-18,26,3.35
2023-09-19,24,3.58
2023-09-20,22,3.23
2023-09-21,19,4.0
2023-09-22,19,4.05
2023-09-23,21,3.48
2023-09-24,22,2.95
2023-09-25,18,3.78
2023-09-26,18,2.56
2023-09-27,19,3.79
2023-09-28,18,4.22
2023-09-29,19,4.21
2023-09-30,19,4.0
2023-10-01,16,3.81
2023-10-02,28,3.04
2023-10-03,16,4.12
2023-10-04,22,4.18
2023-10-05,16,3.88
2023-10-06,26,3.31
2023-10-07,19,3.11
2023-10-08,26,3.23
2023-10-09,23,4.22
2023-10-10,23,3.65
2023-10-11,17,4.18
2023-10-12,22,2.95
2023-10-13,20,3.45
2023-10-14,15,2.8
2023-10-15,18,3.44
2023-10-16,17,3.41
2023-10-17,17,3.71
2023-10-18,22,3.77
2023-10-19,12,4.42
2023-10-20,19,3.79
2023-10-21,15,3.8
2023-10-22,12,4.33
2023-10-23,14,3.79
2023-10-24,17,4.06
2023-10-25,22,4.41
2023-10-26,14,3.86
2023-10-27,20,3.35
2023-10-28,11,2.55
2023-10-29,27,3.81
2023-10-30,11,2.73
2023-10-31,9,4.22
2023-11-01,17,3.76
2023-11-02,16,4.19
2023-11-03,18,4.0
2023-11-04,9,3.67
2023-11-05,14,3.86
2023-11-06,20,4.2
2023-11-07,17,3.24
2023-11-08,24,3.38
2023-11-09,29,3.66
2023-11-10,18,3.56
2023-11-11,20,3.5
2023-11-12,16,3.25
2023-11-13,20,3.15
2023-11-14,27,3.96
2023-11-15,20,4.25
2023-11-16,11,3.27
2023-11-17,21,3.29
2023-11-18,12,3.42
2023-11-19,20,3.85
2023-11-20,16,4.06
2023-11-21,23,3.43
2023-11-22,30,3.93
2023-11-23,14,3.07
2023-11-24,16,4.31
2023-11-25,18,3.33
2023-11-26,19,3.79
2023-11-27,20,4.1
2023-11-28,18,3.61
2023-11-29,16,3.56
2023-11-30,13,4.15
2023-12-01,23,3.87
2023-12-02,10,3.8
2023-12-03,16,3.44
2023-12-04,9,4.44
2023-12-05,17,3.24
2023-12-06,14,3.36
2023-12-07,21,3.62
2023-12-08,22,3.68
2023-12-09,21,3.76
2023-12-10,17,3.59
2023-12-11,12,4.0
2023-12-12,15,3.33
2023-12-13,19,4.11
2023-12-14,16,3.25
2023-12-15,22,3.77
2023-12-16,12,3.92
2023-12-17,13,3.23
2023-12-18,20,4.05
2023-12-19,21,3.95
2023-12-20,18,3.89
2023-12-21,18,4.06
2023-12-22,13,3.92
2023-12-23,10,4.6
2023-12-24,17,4.0
2023-12-25,8,4.0
2023-12-26,16,3.88
2023-12-27,16,3.62
2023-12-28,18,3.44
2023-12-29,24,3.71
2023-12-30,23,2.78
2023-12-31,19,3.89
2024-01-01,18,3.67
2024-01-02,17,3.82
2024-01-03,15,3.47
2024-01-04,25,3.24
2024-01-05,16,3.75
2024-01-06,18,3.72
2024-01-07,16,4.06
2024-01-08,32,3.75
2024-01-09,15,4.2
2024-01-10,16,4.0
2024-01-11,23,3.78
2024-01-12,14,3.93
2024-01-13,15,3.93
2024-01-14,23,3.48
2024-01-15,22,4.41
2024-01-16,29,4.17
2024-01-17,24,4.29
2024-01-18,39,4.15
2024-01-19,67,4.22
2024-01-20,37,4.46
2024-01-21,58,4.14
2024-01-22,55,4.22
2024-01-23,49,4.45
2024-01-24,47,4.11
2024-01-25,51,4.16
2024-01-26,34,4.26
2024-01-27,37,3.95
2024-01-28,39,3.64
2024-01-29,46,4.07
2024-01-30,34,3.53
2024-01-31,31,3.97
2024-02-01,42,4.07
2024-02-02,29,3.93
2024-02-03,34,3.79
2024-02-04,26,3.46
2024-02-05,25,3.64
2024-02-06,23,4.04
2024-02-07,42,3.62
2024-02-08,31,3.71
2024-02-09,29,4.17
2024-02-10,31,4.16
2024-02-11,32,4.41
2024-02-12,24,4.21
2024-02-13,31,3.84
2024-02-14,35,3.77
2024-02-15,35,3.63
2024-02-16,32,4.19
2024-02-17,26,4.19
2024-02-18,21,3.9
2024-02-19,32,3.78
2024-02-20,29,4.31
2024-02-21,32,3.88
2024-02-22,34,4.26
2024-02-23,29,3.97
2024-02-24,19,4.42
2024-02-25,31,3.77
2024-02-26,32,4.28
2024-02-27,21,4.29
2024-02-28,34,3.82
2024-02-29,25,3.68
2024-03-01,28,4.39
2024-03-02,30,4.47
2024-03-03,31,3.77
2024-03-04,33,3.85
2024-03-05,19,3.89
2024-03-06,31,3.35
2024-03-07,24,4.17
2024-03-08,19,4.47
2024-03-09,28,4.43
2024-03-10,22,4.14
2024-03-11,24,4.17
2024-03-12,31,4.26
2024-03-13,19,4.0
2024-03-14,24,3.92
2024-03-15,20,3.9
2024-03-16,25,4.36
2024-03-17,13,4.54
2024-03-18,33,4.18
2024-03-19,23,3.96
2024-03-20,27,4.07
2024-03-21,20,3.9
2024-03-22,22,4.18
2024-03-23,20,3.4
2024-03-24,13,3.15
2024-03-25,26,3.23
2024-03-26,23,4.3
2024-03-27,22,4.0
2024-03-28,21,3.62
2024-03-29,19,4.16
2024-03-30,17,3.94
2024-03-31,16,3.94
2024-04-01,23,4.13
2024-04-02,19,3.68
2024-04-03,17,3.41
2024-04-04,23,3.78
2024-04-05,23,4.3
2024-04-06,24,4.21
2024-04-07,16,4.06
2024-04-08,15,4.2
2024-04-09,21,4.29
2024-04-10,20,4.0
2024-04-11,13,3.54
2024-04-12,13,4.54
2024-04-13,14,4.07
2024-04-14,17,3.94
2024-04-15,21,4.14
2024-04-16,20,3.65
2024-04-17,12,4.0
2024-04-18,17,3.53
2024-04-19,16,4.06
2024-04-20,21,3.86
2024-04-21,22,4.18
2024-04-22,24,3.83
2024-04-23,10,3.6
2024-04-24,12,4.42
2024-04-25,20,4.1
2024-04-26,15,4.0
2024-04-27,20,3.35
2024-04-28,11,4.64
2024-04-29,16,4.81
2024-04-30,21,4.24
2024-05-01,25,3.68
2024-05-02,27,3.63
2024-05-03,13,3.92
2024-05-04,12,3.83
2024-05-05,12,4.42
2024-05-06,26,3.77
2024-05-07,20,3.35
2024-05-08,24,3.92
2024-05-09,19,4.16
2024-05-10,14,4.57
2024-05-11,18,4.22
2024-05-12,26,4.38
2024-05-13,22,4.14
2024-05-14,25,3.6
2024-05-15,30,4.23
2024-05-16,27,3.3
2024-05-17,23,3.48
2024-05-18,21,3.38
2024-05-19,25,3.68
2024-05-20,37,3.95
2024-05-21,33,4.18
2024-05-22,41,3.46
2024-05-23,37,3.92
2024-05-24,27,3.41
2024-05-25,33,3.76
2024-05-26,29,3.86
2024-05-27,30,3.6
2024-05-28,30,2.97
2024-05-29,26,3.88
2024-05-30,29,3.62
2024-05-31,24,4.38
2024-06-01,19,3.47
2024-06-02,21,4.1
2024-06-03,20,4.5
2024-06-04,21,4.0
2024-06-05,18,3.11
2024-06-06,20,3.7
2024-06-07,35,4.37
2024-06-08,24,4.62
2024-06-09,24,4.25
2024-06-10,20,4.65
2024-06-11,25,4.12
2024-06-12,25,4.2
2024-06-13,16,3.81
2024-06-14,13,4.08
2024-06-15,20,4.3
2024-06-16,15,3.53
2024-06-17,29,4.17
2024-06-18,26,4.12
2024-06-19,19,4.11
2024-06-20,22,3.95
2024-06-21,24,4.42
2024-06-22,21,4.14
2024-06-23,20,4.15
2024-06-24,13,4.23
2024-06-25,24,3.67
2024-06-26,17,3.82
2024-06-27,19,4.0
2024-06-28,24,4.21
2024-06-29,24,3.88
2024-06-30,19,4.21
2024-07-01,16,4.12
2024-07-02,21,4.38
2024-07-03,14,3.86
2024-07-04,17,3.59
2024-07-05,24,4.25
2024-07-06,15,4.0
2024-07-07,18,3.78
2024-07-08,30,4.33
2024-07-09,22,4.36
2024-07-10,21,4.52
2024-07-11,19,4.53
2024-07-12,21,4.19
2024-07-13,16,3.44
2024-07-14,16,4.25
2024-07-15,16,4.0
2024-07-16,11,4.73
2024-07-17,28,4.54
2024-07-18,19,4.37
2024-07-19,18,4.28
2024-07-20,15,4.2
2024-07-21,23,4.0
2024-07-22,19,4.05
2024-07-23,19,4.89
2024-07-24,25,4.08
2024-07-25,19,4.42
2024-07-26,19,4.05
2024-07-27,17,3.94
2024-07-28,17,4.35
2024-07-29,15,3.93
2024-07-30,21,4.57
2024-07-31,19,4.16
2024-08-01,24,4.17
2024-08-02,18,4.33
2024-08-03,25,3.96
2024-08-04,16,4.5
2024-08-05,30,3.5
2024-08-06,22,3.77
2024-08-07,29,3.93
2024-08-08,20,3.8
2024-08-09,30,4.0
2024-08-10,15,4.2
2024-08-11,18,3.67
2024-08-12,24,4.25
2024-08-13,29,4.41
2024-08-14,20,3.9
2024-08-15,16,3.88
2024-08-16,22,3.64
2024-08-17,25,4.2
2024-08-18,10,4.2
2024-08-19,32,4.28
2024-08-20,36,4.89
2024-08-21,38,4.13
2024-08-22,32,4.38
2024-08-23,40,4.2
2024-08-24,55,4.49
2024-08-25,39,4.62
2024-08-26,47,4.06
2024-08-27,39,4.18
2024-08-28,38,4.05
2024-08-29,25,4.44
2024-08-30,24,3.71
2024-08-31,19,3.84
2024-09-01,22,3.73
2024-09-02,24,4.12
2024-09-03,27,4.48
2024-09-04,41,3.9
2024-09-05,32,3.91
2024-09-06,36,3.42
2024-09-07,17,3.65
2024-09-08,26,3.77
2024-09-09,45,4.2
2024-09-10,39,4.23
2024-09-11,57,4.11
2024-09-12,67,4.31
2024-09-13,57,3.47
2024-09-14,41,3.83
2024-09-15,30,4.4
2024-09-16,34,4.09
2024-09-17,45,4.49
2024-09-18,35,4.2
2024-09-19,42,3.71
2024-09-20,43,3.84
2024-09-21,24,4.25
2024-09-22,35,3.31
2024-09-23,41,3.85
2024-09-24,35,3.91
2024-09-25,35,3.94
2024-09-26,37,3.97
2024-09-27,25,3.68
2024-09-28,27,4.07
2024-09-29,27,3.52
2024-09-30,29,4.14
2024-10-01,23,3.91
2024-10-02,23,4.17
2024-10-03,31,4.1
2024-10-04,28,4.04
2024-10-05,34,4.21
2024-10-06,44,3.68
2024-10-07,46,3.96
2024-10-08,40,4.08
2024-10-09,41,3.88
2024-10-10,28,4.43
2024-10-11,22,3.91
2024-10-12,36,3.94
2024-10-13,23,3.91
2024-10-14,42,3.76
2024-10-15,36,3.78
2024-10-16,33,4.06
2024-10-17,25,4.24
2024-10-18,20,3.7
2024-10-19,21,3.19
2024-10-20,28,3.93
2024-10-21,30,3.93
2024-10-22,33,3.79
2024-10-23,23,4.22
2024-10-24,27,3.89
2024-10-25,32,3.94
2024-10-26,21,4.38
2024-10-27,30,3.47
2024-10-28,28,3.79
2024-10-29,36,4.42
2024-10-30,86,3.16
2024-10-31,46,3.8
2024-11-01,40,2.75
2024-11-02,25,3.8
2024-11-03,43,3.74
2024-11-04,31,4.23
2024-11-05,25,3.4
2024-11-06,32,3.53
2024-11-07,29,3.24
2024-11-08,26,3.5
2024-11-09,25,3.4
2024-11-10,30,3.73
2024-11-11,39,3.79
2024-11-12,33,3.85
2024-11-13,32,3.53
2024-11-14,36,3.89
2024-11-15,34,4.21
2024-11-16,16,4.0
2024-11-17,15,4.07
2024-11-18,23,3.35
2024-11-19,37,3.84
2024-11-20,28,3.71
2024-11-21,31,4.42
2024-11-22,46,4.24
2024-11-23,34,3.41
2024-11-24,30,4.37
2024-11-25,30,3.37
2024-11-26,25,3.56
2024-11-27,24,3.25
2024-11-28,26,3.69
2024-11-29,24,4.0
2024-11-30,30,3.77
2024-12-01,30,4.0
2024-12-02,35,3.86
2024-12-03,24,4.5
2024-12-04,27,4.15
2024-12-05,22,3.82
2024-12-06,28,4.0
2024-12-07,33,3.82
2024-12-08,30,4.43
2024-12-09,30,3.43
2024-12-10,20,3.7
2024-12-11,29,4.21
2024-12-12,28,3.71
2024-12-13,26,3.77
2024-12-14,25,4.2
2024-12-15,27,4.33
2024-12-16,23,3.57
2024-12-17,26,3.92
2024-12-18,38,4.16
2024-12-19,31,3.68
2024-12-20,20,3.9
2024-12-21,31,4.19
2024-12-22,18,3.94
2024-12-23,19,3.26
2024-12-24,21,3.81
2024-12-25,18,4.06
2024-12-26,28,4.21
2024-12-27,31,4.06
2024-12-28,24,4.12
2024-12-29,29,3.79
2024-12-30,27,3.74
2024-12-31,26,4.31
2025-01-01,26,4.04
2025-01-02,40,3.68
2025-01-03,38,3.87
2025-01-04,38,4.71
2025-01-05,35,3.86
2025-01-06,50,4.16
2025-01-07,70,4.37
2025-01-08,74,4.27
2025-01-09,44,3.41
2025-01-10,44,3.89
2025-01-11,38,4.05
2025-01-12,31,3.81
2025-01-13,36,3.92
2025-01-14,46,4.33
2025-01-15,41,3.88
2025-01-16,36,4.14
2025-01-17,49,4.27
2025-01-18,62,4.23
2025-01-19,57,4.07
2025-01-20,43,4.07
2025-01-21,49,4.06
2025-01-22,31,4.16
2025-01-23,27,4.11
2025-01-24,33,4.03
2025-01-25,36,3.36
2025-01-26,39,3.95
2025-01-27,28,3.61
2025-01-28,45,4.13
2025-01-29,49,4.18
2025-01-30,55,3.98
2025-01-31,44,4.05
2025-02-01,41,4.2
2025-02-02,47,3.83
2025-02-03,45,4.07
2025-02-04,49,4.29
2025-02-05,58,3.79
2025-02-06,47,4.15
2025-02-07,34,3.91
2025-02-08,58,4.0
2025-02-09,34,4.41
2025-02-10,50,3.98
2025-02-11,52,4.1
2025-02-12,48,4.04
2025-02-13,49,4.1
2025-02-14,40,3.98
2025-02-15,36,3.89
2025-02-16,51,3.69
2025-02-17,45,3.44
2025-02-18,38,4.16
2025-02-19,47,3.51
2025-02-20,44,4.11
2025-02-21,31,3.58
2025-02-22,29,3.76
2025-02-23,61,3.62
2025-02-24,43,4.0
2025-02-25,54,4.09
2025-02-26,73,3.97
2025-02-27,69,3.97
2025-02-28,55,3.91
2025-03-01,51,3.53
2025-03-02,46,4.0
2025-03-03,45,3.82
2025-03-04,62,4.42
2025-03-05,40,3.8
2025-03-06,51,3.96
2025-03-07,51,3.96
2025-03-08,50,4.12
2025-03-09,43,4.26
2025-03-10,39,4.03
2025-03-11,59,3.78
2025-03-12,76,4.04
2025-03-13,54,3.63
2025-03-14,49,3.92
2025-03-15,46,3.96
2025-03-16,65,4.05
2025-03-17,44,3.16
2025-03-18,67,3.76
2025-03-19,51,3.43
2025-03-20,66,4.11
2025-03-21,77,4.16
2025-03-22,46,3.98
2025-03-23,38,3.71
2025-03-24,56,3.41
2025-03-25,51,3.02
2025-03-26,46,3.7
2025-03-27,56,3.89
2025-03-28,42,3.38
2025-03-29,34,3.71
2025-03-30,35,4.17
2025-03-31,49,3.86
2025-04-01,68,3.79
2025-04-02,44,3.8
2025-04-03,55,3.95
2025-04-04,39,3.67
2025-04-05,50,3.98
2025-04-06,68,4.1
2025-04-07,40,3.95
2025-04-08,49,3.96
2025-04-09,45,3.84
2025-04-10,43,3.84
2025-04-11,51,4.04
2025-04-12,43,3.58
2025-04-13,34,4.18
2025-04-14,54,3.98
2025-04-15,28,4.04
2025-04-16,45,3.84
2025-04-17,34,3.62
2025-04-18,45,3.58
2025-04-19,31,3.81
2025-04-20,37,3.95
2025-04-21,38,3.89
2025-04-22,50,4.42
2025-04-23,38,3.45
2025-04-24,48,3.54
2025-04-25,48,3.75
2025-04-26,33,3.94
2025-04-27,52,4.02
2025-04-28,44,4.36
2025-04-29,48,4.06
2025-04-30,50,3.64
2025-05-01,51,4.39
2025-05-02,44,3.84
2025-05-03,44,4.48
2025-05-04,51,4.27
2025-05-05,72,4.12
2025-05-06,57,3.89
2025-05-07,41,3.93
2025-05-08,50,4.3
2025-05-09,42,4.14
2025-05-10,52,3.77
2025-05-11,43,4.21
2025-05-12,52,3.73
2025-05-13,53,4.11
2025-05-14,79,4.09
2025-05-15,68,4.03
2025-05-16,59,4.17
2025-05-17,87,3.89
2025-05-18,76,4.16
2025-05-19,178,4.1
2025-05-20,272,4.0
2025-05-21,127,3.98
2025-05-22,79,4.04
2025-05-23,76,3.54
2025-05-24,91,3.68
2025-05-25,94,4.0
2025-05-26,75,3.81
2025-05-27,71,4.03
2025-05-28,81,3.72
2025-05-29,87,4.01
2025-05-30,95,3.58
2025-05-31,69,3.87
2025-06-01,73,4.0
2025-06-02,80,3.69
2025-06-03,89,3.84
2025-06-04,70,3.59
2025-06-05,73,3.7
2025-06-06,65,3.6
2025-06-07,66,3.82
2025-06-08,81,3.86
2025-06-09,62,4.08
2025-06-10,94,3.91
2025-06-11,119,4.12
2025-06-12,87,4.21
2025-06-13,67,4.0
2025-06-14,81,4.32
2025-06-15,85,3.92
2025-06-16,86,4.14
2025-06-17,91,3.93
2025-06-18,89,3.97
2025-06-19,92,4.15
2025-06-20,66,3.97
2025-06-21,65,4.05
2025-06-22,64,4.02
2025-06-23,71,4.11
2025-06-24,72,4.01
2025-06-25,74,3.97
2025-06-26,60,3.77
2025-06-27,72,4.06
2025-06-28,54,3.46
2025-06-29,59,4.22
2025-06-30,80,4.11
2025-07-01,68,4.13
2025-07-02,81,4.25
2025-07-03,68,4.24
2025-07-04,71,4.03
2025-07-05,55,4.04
2025-07-06,74,4.26
2025-07-07,92,4.07
2025-07-08,91,4.07
2025-07-09,74,4.08
2025-07-10,76,3.92
2025-07-11,75,3.95
2025-07-12,71,3.89
2025-07-13,87,4.13
2025-07-14,75,4.0
2025-07-15,82,4.0
2025-07-16,103,4.02
2025-07-17,75,4.04
2025-07-18,77,4.05
2025-07-19,52,3.75
2025-07-20,78,3.95
2025-07-21,70,3.93
2025-07-22,85,4.38
2025-07-23,80,4.03
2025-07-24,68,3.96
2025-07-25,81,3.67
2025-07-26,83,3.81
2025-07-27,89,3.97
2025-07-28,101,4.22
2025-07-29,99,4.01
2025-07-30,78,4.04
2025-07-31,81,3.98
2025-08-01,81,3.85
2025-08-02,78,4.08
2025-08-03,65,4.03
2025-08-04,74,3.99
2025-08-05,77,3.94
2025-08-06,97,3.93
2025-08-07,90,4.02
2025-08-08,84,4.18
2025-08-09,85,4.04
2025-08-10,102,4.04
2025-08-11,95,4.19
2025-08-12,79,3.99
2025-08-13,98,3.94
2025-08-14,88,4.24
2025-08-15,76,4.07
2025-08-16,92,4.08
2025-08-17,117,4.07
2025-08-18,113,3.96
2025-08-19,101,4.46
2025-08-20,110,4.03
2025-08-21,91,3.74
2025-08-22,80,3.94
2025-08-23,72,4.19
2025-08-24,95,4.04
2025-08-25,111,4.21
2025-08-26,117,4.14
2025-08-27,114,4.12
2025-08-28,105,4.15
2025-08-29,92,3.99
2025-08-30,162,4.02
2025-08-31,157,4.15
2025-09-01,121,4.12
2025-09-02,134,4.23
2025-09-03,119,4.03
2025-09-04,129,4.3
2025-09-05,117,4.09
2025-09-06,96,4.1
2025-09-07,117,4.2
2025-09-08,119,4.17
2025-09-09,118,4.04
2025-09-10,116,4.09
2025-09-11,107,4.28
2025-09-12,117,4.03
2025-09-13,111,4.16
2025-09-14,120,4.01
2025-09-15,114,3.99
2025-09-16,128,4.12
2025-09-17,122,4.25
2025-09-18,131,4.05
2025-09-19,88,4.08
2025-09-20,99,3.9
2025-09-21,112,3.93
2025-09-22,93,4.13
2025-09-23,117,3.99
2025-09-24,105,4.1
2025-09-25,118,4.11
2025-09-26,101,4.01
2025-09-27,108,3.94
2025-09-28,114,4.15
2025-09-29,102,4.08
2025-09-30,119,3.98
2025-10-01,116,4.12
2025-10-02,94,4.0
2025-10-03,87,4.06
2025-10-04,111,3.89
2025-10-05,116,4.22
2025-10-06,106,3.96
2025-10-07,146,3.92
2025-10-08,112,4.13
2025-10-09,98,3.98
2025-10-10,100,3.88
2025-10-11,100,4.05
2025-10-12,129,4.3
2025-10-13,119,3.96
2025-10-14,133,4.05
2025-10-15,113,4.09
2025-10-16,131,3.91
2025-10-17,95,4.05
2025-10-18,107,4.08
2025-10-19,122,4.25
2025-10-20,127,4.2
2025-10-21,129,4.22
2025-10-22,142,4.2
2025-10-23,119,4.14
2025-10-24,134,4.07
2025-10-25,161,4.19
2025-10-26,146,4.14
2025-10-27,119,4.06
2025-10-28,125,4.29
2025-10-29,116,4.33
2025-10-30,117,4.23
2025-10-31,106,4.11
2025-11-01,119,4.22
2025-11-02,189,4.29
2025-11-03,141,4.32
2025-11-04,166,4.2
2025-11-05,164,4.19
2025-11-06,117,4.37
2025-11-07,140,3.99
2025-11-08,158,4.35
2025-11-09,180,4.21
2025-11-10,162,4.28
2025-11-11,197,4.39
2025-11-12,165,4.27
2025-11-13,157,4.2
2025-11-14,123,4.2
2025-11-15,93,4.13
2025-11-16,129,4.19
2025-11-17,142,4.07
2025-11-18,117,4.22
2025-11-19,158,4.08
2025-11-20,133,4.16
2025-11-21,118,4.3
2025-11-22,114,3.98
2025-11-23,136,4.1
2025-11-24,133,4.11
2025-11-25,148,4.16
2025-11-26,112,4.24
2025-11-27,111,4.15
2025-11-28,99,4.02
2025-11-29,96,4.2
2025-11-30,130,4.1
2025-12-01,102,3.87
2025-12-02,136,4.04
2025-12-03,107,4.07
2025-12-04,127,4.1
2025-12-05,87,3.72
2025-12-06,102,4.19
2025-12-07,110,4.38
2025-12-08,127,4.25
2025-12-09,129,4.3
2025-12-10,125,4.38
2025-12-11,113,4.12
2025-12-12,102,4.1
2025-12-13,104,4.24
2025-12-14,127,4.25
2025-12-15,108,4.04
2025-12-16,111,4.37
2025-12-17,119,4.18
2025-12-18,112,3.98
2025-12-19,91,4.3
2025-12-20,93,4.18
2025-12-21,112,4.13
2025-12-22,78,4.35
2025-12-23,85,4.25
2025-12-24,80,4.26
2025-12-25,82,4.26
2025-12-26,99,4.13
2025-12-27,93,4.11
2025-12-28,90,4.14
2025-12-29,118,4.32
2025-12-30,101,4.25
2025-12-31,93,4.29
2026-01-01,82,4.26
2026-01-02,98,4.39
2026-01-03,112,4.38
2026-01-04,144,4.43
2026-01-05,130,4.37
2026-01-06,147,4.31
2026-01-07,139,4.34
2026-01-08,138,4.36
2026-01-09,129,4.2
2026-01-10,117,4.08
2026-01-11,148,4.38
2026-01-12,98,4.49
2026-01-13,130,4.46
2026-01-14,137,4.36
2026-01-15,118,4.3
2026-01-16,119,4.09
2026-01-17,117,4.47
2026-01-18,144,4.29
2026-01-19,144,4.35
2026-01-20,136,4.21
2026-01-21,146,4.14
2026-01-22,122,4.17
2026-01-23,109,4.12
2026-01-24,97,4.15
2026-01-25,102,4.23
2026-01-26,119,4.17
2026-01-27,89,4.27
2026-01-28,127,4.11
2026-01-29,121,4.05
2026-01-30,113,4.29
2026-01-31,115,4.4
2026-02-01,123,4.41
2026-02-02,139,4.46
2026-02-03,153,4.18
2026-02-04,93,4.44
